[
{
  "model": "auth.permission",
  "pk": 1,
  "fields": {
    "name": "Can add log entry",
    "content_type": 1,
    "codename": "add_logentry"
  }
},
{
  "model": "auth.permission",
  "pk": 2,
  "fields": {
    "name": "Can change log entry",
    "content_type": 1,
    "codename": "change_logentry"
  }
},
{
  "model": "auth.permission",
  "pk": 3,
  "fields": {
    "name": "Can delete log entry",
    "content_type": 1,
    "codename": "delete_logentry"
  }
},
{
  "model": "auth.permission",
  "pk": 4,
  "fields": {
    "name": "Can view log entry",
    "content_type": 1,
    "codename": "view_logentry"
  }
},
{
  "model": "auth.permission",
  "pk": 5,
  "fields": {
    "name": "Can add permission",
    "content_type": 2,
    "codename": "add_permission"
  }
},
{
  "model": "auth.permission",
  "pk": 6,
  "fields": {
    "name": "Can change permission",
    "content_type": 2,
    "codename": "change_permission"
  }
},
{
  "model": "auth.permission",
  "pk": 7,
  "fields": {
    "name": "Can delete permission",
    "content_type": 2,
    "codename": "delete_permission"
  }
},
{
  "model": "auth.permission",
  "pk": 8,
  "fields": {
    "name": "Can view permission",
    "content_type": 2,
    "codename": "view_permission"
  }
},
{
  "model": "auth.permission",
  "pk": 9,
  "fields": {
    "name": "Can add group",
    "content_type": 3,
    "codename": "add_group"
  }
},
{
  "model": "auth.permission",
  "pk": 10,
  "fields": {
    "name": "Can change group",
    "content_type": 3,
    "codename": "change_group"
  }
},
{
  "model": "auth.permission",
  "pk": 11,
  "fields": {
    "name": "Can delete group",
    "content_type": 3,
    "codename": "delete_group"
  }
},
{
  "model": "auth.permission",
  "pk": 12,
  "fields": {
    "name": "Can view group",
    "content_type": 3,
    "codename": "view_group"
  }
},
{
  "model": "auth.permission",
  "pk": 13,
  "fields": {
    "name": "Can add user",
    "content_type": 4,
    "codename": "add_user"
  }
},
{
  "model": "auth.permission",
  "pk": 14,
  "fields": {
    "name": "Can change user",
    "content_type": 4,
    "codename": "change_user"
  }
},
{
  "model": "auth.permission",
  "pk": 15,
  "fields": {
    "name": "Can delete user",
    "content_type": 4,
    "codename": "delete_user"
  }
},
{
  "model": "auth.permission",
  "pk": 16,
  "fields": {
    "name": "Can view user",
    "content_type": 4,
    "codename": "view_user"
  }
},
{
  "model": "auth.permission",
  "pk": 17,
  "fields": {
    "name": "Can add content type",
    "content_type": 5,
    "codename": "add_contenttype"
  }
},
{
  "model": "auth.permission",
  "pk": 18,
  "fields": {
    "name": "Can change content type",
    "content_type": 5,
    "codename": "change_contenttype"
  }
},
{
  "model": "auth.permission",
  "pk": 19,
  "fields": {
    "name": "Can delete content type",
    "content_type": 5,
    "codename": "delete_contenttype"
  }
},
{
  "model": "auth.permission",
  "pk": 20,
  "fields": {
    "name": "Can view content type",
    "content_type": 5,
    "codename": "view_contenttype"
  }
},
{
  "model": "auth.permission",
  "pk": 21,
  "fields": {
    "name": "Can add session",
    "content_type": 6,
    "codename": "add_session"
  }
},
{
  "model": "auth.permission",
  "pk": 22,
  "fields": {
    "name": "Can change session",
    "content_type": 6,
    "codename": "change_session"
  }
},
{
  "model": "auth.permission",
  "pk": 23,
  "fields": {
    "name": "Can delete session",
    "content_type": 6,
    "codename": "delete_session"
  }
},
{
  "model": "auth.permission",
  "pk": 24,
  "fields": {
    "name": "Can view session",
    "content_type": 6,
    "codename": "view_session"
  }
},
{
  "model": "auth.permission",
  "pk": 25,
  "fields": {
    "name": "Can add site",
    "content_type": 7,
    "codename": "add_site"
  }
},
{
  "model": "auth.permission",
  "pk": 26,
  "fields": {
    "name": "Can change site",
    "content_type": 7,
    "codename": "change_site"
  }
},
{
  "model": "auth.permission",
  "pk": 27,
  "fields": {
    "name": "Can delete site",
    "content_type": 7,
    "codename": "delete_site"
  }
},
{
  "model": "auth.permission",
  "pk": 28,
  "fields": {
    "name": "Can view site",
    "content_type": 7,
    "codename": "view_site"
  }
},
{
  "model": "auth.permission",
  "pk": 29,
  "fields": {
    "name": "Can add shorturl",
    "content_type": 8,
    "codename": "add_shorturl"
  }
},
{
  "model": "auth.permission",
  "pk": 30,
  "fields": {
    "name": "Can change shorturl",
    "content_type": 8,
    "codename": "change_shorturl"
  }
},
{
  "model": "auth.permission",
  "pk": 31,
  "fields": {
    "name": "Can delete shorturl",
    "content_type": 8,
    "codename": "delete_shorturl"
  }
},
{
  "model": "auth.permission",
  "pk": 32,
  "fields": {
    "name": "Can view shorturl",
    "content_type": 8,
    "codename": "view_shorturl"
  }
},
{
  "model": "auth.permission",
  "pk": 33,
  "fields": {
    "name": "Can add document",
    "content_type": 9,
    "codename": "add_document"
  }
},
{
  "model": "auth.permission",
  "pk": 34,
  "fields": {
    "name": "Can change document",
    "content_type": 9,
    "codename": "change_document"
  }
},
{
  "model": "auth.permission",
  "pk": 35,
  "fields": {
    "name": "Can delete document",
    "content_type": 9,
    "codename": "delete_document"
  }
},
{
  "model": "auth.permission",
  "pk": 36,
  "fields": {
    "name": "Can view document",
    "content_type": 9,
    "codename": "view_document"
  }
},
{
  "model": "auth.permission",
  "pk": 37,
  "fields": {
    "name": "Can add file",
    "content_type": 10,
    "codename": "add_file"
  }
},
{
  "model": "auth.permission",
  "pk": 38,
  "fields": {
    "name": "Can change file",
    "content_type": 10,
    "codename": "change_file"
  }
},
{
  "model": "auth.permission",
  "pk": 39,
  "fields": {
    "name": "Can delete file",
    "content_type": 10,
    "codename": "delete_file"
  }
},
{
  "model": "auth.permission",
  "pk": 40,
  "fields": {
    "name": "Can view file",
    "content_type": 10,
    "codename": "view_file"
  }
},
{
  "model": "auth.permission",
  "pk": 41,
  "fields": {
    "name": "Can add posts",
    "content_type": 11,
    "codename": "add_posts"
  }
},
{
  "model": "auth.permission",
  "pk": 42,
  "fields": {
    "name": "Can change posts",
    "content_type": 11,
    "codename": "change_posts"
  }
},
{
  "model": "auth.permission",
  "pk": 43,
  "fields": {
    "name": "Can delete posts",
    "content_type": 11,
    "codename": "delete_posts"
  }
},
{
  "model": "auth.permission",
  "pk": 44,
  "fields": {
    "name": "Can view posts",
    "content_type": 11,
    "codename": "view_posts"
  }
},
{
  "model": "auth.permission",
  "pk": 45,
  "fields": {
    "name": "Can add email template",
    "content_type": 12,
    "codename": "add_emailtemplate"
  }
},
{
  "model": "auth.permission",
  "pk": 46,
  "fields": {
    "name": "Can change email template",
    "content_type": 12,
    "codename": "change_emailtemplate"
  }
},
{
  "model": "auth.permission",
  "pk": 47,
  "fields": {
    "name": "Can delete email template",
    "content_type": 12,
    "codename": "delete_emailtemplate"
  }
},
{
  "model": "auth.permission",
  "pk": 48,
  "fields": {
    "name": "Can view email template",
    "content_type": 12,
    "codename": "view_emailtemplate"
  }
},
{
  "model": "auth.permission",
  "pk": 49,
  "fields": {
    "name": "Can add label",
    "content_type": 13,
    "codename": "add_label"
  }
},
{
  "model": "auth.permission",
  "pk": 50,
  "fields": {
    "name": "Can change label",
    "content_type": 13,
    "codename": "change_label"
  }
},
{
  "model": "auth.permission",
  "pk": 51,
  "fields": {
    "name": "Can delete label",
    "content_type": 13,
    "codename": "delete_label"
  }
},
{
  "model": "auth.permission",
  "pk": 52,
  "fields": {
    "name": "Can view label",
    "content_type": 13,
    "codename": "view_label"
  }
},
{
  "model": "auth.permission",
  "pk": 53,
  "fields": {
    "name": "Can add note",
    "content_type": 14,
    "codename": "add_note"
  }
},
{
  "model": "auth.permission",
  "pk": 54,
  "fields": {
    "name": "Can change note",
    "content_type": 14,
    "codename": "change_note"
  }
},
{
  "model": "auth.permission",
  "pk": 55,
  "fields": {
    "name": "Can delete note",
    "content_type": 14,
    "codename": "delete_note"
  }
},
{
  "model": "auth.permission",
  "pk": 56,
  "fields": {
    "name": "Can view note",
    "content_type": 14,
    "codename": "view_note"
  }
},
{
  "model": "auth.permission",
  "pk": 57,
  "fields": {
    "name": "Can add email address",
    "content_type": 15,
    "codename": "add_emailaddress"
  }
},
{
  "model": "auth.permission",
  "pk": 58,
  "fields": {
    "name": "Can change email address",
    "content_type": 15,
    "codename": "change_emailaddress"
  }
},
{
  "model": "auth.permission",
  "pk": 59,
  "fields": {
    "name": "Can delete email address",
    "content_type": 15,
    "codename": "delete_emailaddress"
  }
},
{
  "model": "auth.permission",
  "pk": 60,
  "fields": {
    "name": "Can view email address",
    "content_type": 15,
    "codename": "view_emailaddress"
  }
},
{
  "model": "auth.permission",
  "pk": 61,
  "fields": {
    "name": "Can add email confirmation",
    "content_type": 16,
    "codename": "add_emailconfirmation"
  }
},
{
  "model": "auth.permission",
  "pk": 62,
  "fields": {
    "name": "Can change email confirmation",
    "content_type": 16,
    "codename": "change_emailconfirmation"
  }
},
{
  "model": "auth.permission",
  "pk": 63,
  "fields": {
    "name": "Can delete email confirmation",
    "content_type": 16,
    "codename": "delete_emailconfirmation"
  }
},
{
  "model": "auth.permission",
  "pk": 64,
  "fields": {
    "name": "Can view email confirmation",
    "content_type": 16,
    "codename": "view_emailconfirmation"
  }
},
{
  "model": "auth.permission",
  "pk": 65,
  "fields": {
    "name": "Can add social account",
    "content_type": 17,
    "codename": "add_socialaccount"
  }
},
{
  "model": "auth.permission",
  "pk": 66,
  "fields": {
    "name": "Can change social account",
    "content_type": 17,
    "codename": "change_socialaccount"
  }
},
{
  "model": "auth.permission",
  "pk": 67,
  "fields": {
    "name": "Can delete social account",
    "content_type": 17,
    "codename": "delete_socialaccount"
  }
},
{
  "model": "auth.permission",
  "pk": 68,
  "fields": {
    "name": "Can view social account",
    "content_type": 17,
    "codename": "view_socialaccount"
  }
},
{
  "model": "auth.permission",
  "pk": 69,
  "fields": {
    "name": "Can add social application",
    "content_type": 18,
    "codename": "add_socialapp"
  }
},
{
  "model": "auth.permission",
  "pk": 70,
  "fields": {
    "name": "Can change social application",
    "content_type": 18,
    "codename": "change_socialapp"
  }
},
{
  "model": "auth.permission",
  "pk": 71,
  "fields": {
    "name": "Can delete social application",
    "content_type": 18,
    "codename": "delete_socialapp"
  }
},
{
  "model": "auth.permission",
  "pk": 72,
  "fields": {
    "name": "Can view social application",
    "content_type": 18,
    "codename": "view_socialapp"
  }
},
{
  "model": "auth.permission",
  "pk": 73,
  "fields": {
    "name": "Can add social application token",
    "content_type": 19,
    "codename": "add_socialtoken"
  }
},
{
  "model": "auth.permission",
  "pk": 74,
  "fields": {
    "name": "Can change social application token",
    "content_type": 19,
    "codename": "change_socialtoken"
  }
},
{
  "model": "auth.permission",
  "pk": 75,
  "fields": {
    "name": "Can delete social application token",
    "content_type": 19,
    "codename": "delete_socialtoken"
  }
},
{
  "model": "auth.permission",
  "pk": 76,
  "fields": {
    "name": "Can view social application token",
    "content_type": 19,
    "codename": "view_socialtoken"
  }
},
{
  "model": "auth.permission",
  "pk": 77,
  "fields": {
    "name": "Can add crontab",
    "content_type": 20,
    "codename": "add_crontabschedule"
  }
},
{
  "model": "auth.permission",
  "pk": 78,
  "fields": {
    "name": "Can change crontab",
    "content_type": 20,
    "codename": "change_crontabschedule"
  }
},
{
  "model": "auth.permission",
  "pk": 79,
  "fields": {
    "name": "Can delete crontab",
    "content_type": 20,
    "codename": "delete_crontabschedule"
  }
},
{
  "model": "auth.permission",
  "pk": 80,
  "fields": {
    "name": "Can view crontab",
    "content_type": 20,
    "codename": "view_crontabschedule"
  }
},
{
  "model": "auth.permission",
  "pk": 81,
  "fields": {
    "name": "Can add interval",
    "content_type": 21,
    "codename": "add_intervalschedule"
  }
},
{
  "model": "auth.permission",
  "pk": 82,
  "fields": {
    "name": "Can change interval",
    "content_type": 21,
    "codename": "change_intervalschedule"
  }
},
{
  "model": "auth.permission",
  "pk": 83,
  "fields": {
    "name": "Can delete interval",
    "content_type": 21,
    "codename": "delete_intervalschedule"
  }
},
{
  "model": "auth.permission",
  "pk": 84,
  "fields": {
    "name": "Can view interval",
    "content_type": 21,
    "codename": "view_intervalschedule"
  }
},
{
  "model": "auth.permission",
  "pk": 85,
  "fields": {
    "name": "Can add periodic task",
    "content_type": 22,
    "codename": "add_periodictask"
  }
},
{
  "model": "auth.permission",
  "pk": 86,
  "fields": {
    "name": "Can change periodic task",
    "content_type": 22,
    "codename": "change_periodictask"
  }
},
{
  "model": "auth.permission",
  "pk": 87,
  "fields": {
    "name": "Can delete periodic task",
    "content_type": 22,
    "codename": "delete_periodictask"
  }
},
{
  "model": "auth.permission",
  "pk": 88,
  "fields": {
    "name": "Can view periodic task",
    "content_type": 22,
    "codename": "view_periodictask"
  }
},
{
  "model": "auth.permission",
  "pk": 89,
  "fields": {
    "name": "Can add periodic tasks",
    "content_type": 23,
    "codename": "add_periodictasks"
  }
},
{
  "model": "auth.permission",
  "pk": 90,
  "fields": {
    "name": "Can change periodic tasks",
    "content_type": 23,
    "codename": "change_periodictasks"
  }
},
{
  "model": "auth.permission",
  "pk": 91,
  "fields": {
    "name": "Can delete periodic tasks",
    "content_type": 23,
    "codename": "delete_periodictasks"
  }
},
{
  "model": "auth.permission",
  "pk": 92,
  "fields": {
    "name": "Can view periodic tasks",
    "content_type": 23,
    "codename": "view_periodictasks"
  }
},
{
  "model": "auth.permission",
  "pk": 93,
  "fields": {
    "name": "Can add solar event",
    "content_type": 24,
    "codename": "add_solarschedule"
  }
},
{
  "model": "auth.permission",
  "pk": 94,
  "fields": {
    "name": "Can change solar event",
    "content_type": 24,
    "codename": "change_solarschedule"
  }
},
{
  "model": "auth.permission",
  "pk": 95,
  "fields": {
    "name": "Can delete solar event",
    "content_type": 24,
    "codename": "delete_solarschedule"
  }
},
{
  "model": "auth.permission",
  "pk": 96,
  "fields": {
    "name": "Can view solar event",
    "content_type": 24,
    "codename": "view_solarschedule"
  }
},
{
  "model": "auth.permission",
  "pk": 97,
  "fields": {
    "name": "Can add clocked",
    "content_type": 25,
    "codename": "add_clockedschedule"
  }
},
{
  "model": "auth.permission",
  "pk": 98,
  "fields": {
    "name": "Can change clocked",
    "content_type": 25,
    "codename": "change_clockedschedule"
  }
},
{
  "model": "auth.permission",
  "pk": 99,
  "fields": {
    "name": "Can delete clocked",
    "content_type": 25,
    "codename": "delete_clockedschedule"
  }
},
{
  "model": "auth.permission",
  "pk": 100,
  "fields": {
    "name": "Can view clocked",
    "content_type": 25,
    "codename": "view_clockedschedule"
  }
},
{
  "model": "auth.user",
  "pk": 1,
  "fields": {
    "password": "pbkdf2_sha256$150000$0SbYHGmWXqba$WGAfDtBtauAmRA0VuNmOTxnHKpSfZKn7zXpOWEPL5oM=",
    "last_login": "2019-11-18T04:34:39.106Z",
    "is_superuser": true,
    "username": "addy",
    "first_name": "",
    "last_name": "",
    "email": "addyp1911@gmail.com",
    "is_staff": true,
    "is_active": true,
    "date_joined": "2019-11-07T13:21:26.290Z",
    "groups": [],
    "user_permissions": []
  }
},
{
  "model": "auth.user",
  "pk": 2,
  "fields": {
    "password": "pbkdf2_sha256$150000$mATruJeyEkZf$/T48nIPonWLa3SaDCoGWTquEag8/yR99RBeagiseQS0=",
    "last_login": "2019-11-15T11:36:07.243Z",
    "is_superuser": true,
    "username": "jo",
    "first_name": "",
    "last_name": "",
    "email": "jo@gmail.com",
    "is_staff": true,
    "is_active": true,
    "date_joined": "2019-11-07T13:21:42.898Z",
    "groups": [],
    "user_permissions": []
  }
},
{
  "model": "auth.user",
  "pk": 3,
  "fields": {
    "password": "pbkdf2_sha256$150000$vDIRWrUsM8mc$0JRNjKTNWoIcxOT/CttfV6MegdKz+g4xbLSFq/lQhdg=",
    "last_login": null,
    "is_superuser": false,
    "username": "teddy",
    "first_name": "",
    "last_name": "",
    "email": "adhikaripooja920@gmail.com",
    "is_staff": false,
    "is_active": false,
    "date_joined": "2019-11-15T07:29:12.005Z",
    "groups": [],
    "user_permissions": []
  }
},
{
  "model": "sites.site",
  "pk": 1,
  "fields": {
    "domain": "http://127.0.0.1:8000",
    "name": "localhost"
  }
},
{
  "model": "sites.site",
  "pk": 2,
  "fields": {
    "domain": "https://127.0.0.1:8000",
    "name": "localhost"
  }
},
{
  "model": "django_short_url.shorturl",
  "pk": 1,
  "fields": {
    "status": true,
    "created_at": "2019-11-15T07:29:12.204Z",
    "updated_at": "2019-11-15T07:29:12.207Z",
    "surl": "xdFN9XPfkhZxBE67nRHSmk",
    "lurl": "eyJ0eXAiOiJKV1QiLCJhbGciOiJIUzI1NiJ9.eyJ1c2VyIjoidGVkZHkiLCJlbWFpbCI6InRlZCJ9.AUZEoaNJlanEL-q2k62UD00FT_vI6dmzNZFUo0fvUqI"
  }
},
{
  "model": "django_short_url.shorturl",
  "pk": 2,
  "fields": {
    "status": true,
    "created_at": "2019-11-15T08:07:18.454Z",
    "updated_at": "2019-11-15T08:07:18.465Z",
    "surl": "btPvVf8XwwGXV7FpFbrmvt",
    "lurl": "eyJ0eXAiOiJKV1QiLCJhbGciOiJIUzI1NiJ9.eyJ1c2VyIjoiYWRkeSIsImVtYWlsIjoiYWRkeXAxOTExQGdtYWlsLmNvbSJ9.XfuRyczJsHkK9KNCk-vfXTxumKVESUAHdn3mdh-SSNA"
  }
},
{
  "model": "django_short_url.shorturl",
  "pk": 3,
  "fields": {
    "status": true,
    "created_at": "2019-11-15T08:07:23.010Z",
    "updated_at": "2019-11-15T08:07:23.027Z",
    "surl": "NBbWnEZUWTbJzYvq2qmCet",
    "lurl": "eyJ0eXAiOiJKV1QiLCJhbGciOiJIUzI1NiJ9.eyJ1c2VyIjoiYWRkeSIsImVtYWlsIjoiaGV5QGdtYWlsLmNvbSJ9.XpbLT3NmKJmid7M0hBTWQoopkgA5PniOZ-RDKD_wzEo"
  }
},
{
  "model": "django_short_url.shorturl",
  "pk": 4,
  "fields": {
    "status": true,
    "created_at": "2019-11-15T08:10:31.532Z",
    "updated_at": "2019-11-15T08:10:31.539Z",
    "surl": "57CHT7heLU7QQNaKdmmUGV",
    "lurl": "eyJ0eXAiOiJKV1QiLCJhbGciOiJIUzI1NiJ9.eyJ1c2VyIjoiYWRkeSIsImVtYWlsIjoiaGV5In0.c4jOXFNYFbzDmF5n0g57tfXtf1BkpP8aj_FaUR1y3Kg"
  }
},
{
  "model": "django_short_url.shorturl",
  "pk": 5,
  "fields": {
    "status": true,
    "created_at": "2019-11-15T08:11:59.395Z",
    "updated_at": "2019-11-15T08:11:59.413Z",
    "surl": "PWVAxgigGwSzBmzPvSvWDH",
    "lurl": "eyJ0eXAiOiJKV1QiLCJhbGciOiJIUzI1NiJ9.eyJ1c2VyIjoiYWRkeSIsImVtYWlsIjoic2JkeUBnbWFpbC5jb20ifQ.gwREK03IYprzQg5GPftPOnATjnFm2_ZPHVZWYyu2Vuk"
  }
},
{
  "model": "notes.label",
  "pk": 1,
  "fields": {
    "label": "urgent",
    "user": 1
  }
},
{
  "model": "notes.label",
  "pk": 2,
  "fields": {
    "label": "veryimportant",
    "user": 1
  }
},
{
  "model": "notes.label",
  "pk": 3,
  "fields": {
    "label": "notimportant",
    "user": 1
  }
},
{
  "model": "notes.label",
  "pk": 8,
  "fields": {
    "label": "bye",
    "user": 1
  }
},
{
  "model": "notes.note",
  "pk": 11,
  "fields": {
    "user": 1,
    "title": "string",
    "content": "string",
    "time_stamp": "2019-11-08T05:52:33.173Z",
    "is_archive": true,
    "is_pin": true,
    "is_trash": true,
    "image": "",
    "reminder": null,
    "label": [
      1
    ],
    "collaborator": [
      2
    ]
  }
},
{
  "model": "notes.note",
  "pk": 12,
  "fields": {
    "user": 1,
    "title": "fruits buying",
    "content": "shopping",
    "time_stamp": "2019-11-08T06:00:10.898Z",
    "is_archive": true,
    "is_pin": true,
    "is_trash": false,
    "image": "",
    "reminder": null,
    "label": [
      1
    ],
    "collaborator": [
      2
    ]
  }
},
{
  "model": "notes.note",
  "pk": 13,
  "fields": {
    "user": 1,
    "title": "shifting to city",
    "content": "moving",
    "time_stamp": "2019-11-08T06:00:50.946Z",
    "is_archive": false,
    "is_pin": true,
    "is_trash": true,
    "image": "",
    "reminder": null,
    "label": [
      1
    ],
    "collaborator": [
      2
    ]
  }
},
{
  "model": "notes.note",
  "pk": 14,
  "fields": {
    "user": 1,
    "title": "nightout",
    "content": "friends",
    "time_stamp": "2019-11-08T06:01:10.453Z",
    "is_archive": false,
    "is_pin": true,
    "is_trash": true,
    "image": "",
    "reminder": null,
    "label": [
      1
    ],
    "collaborator": [
      2
    ]
  }
},
{
  "model": "notes.note",
  "pk": 15,
  "fields": {
    "user": 1,
    "title": "buying a pet dog",
    "content": "shopping",
    "time_stamp": "2019-11-08T06:01:42.651Z",
    "is_archive": true,
    "is_pin": true,
    "is_trash": false,
    "image": "",
    "reminder": null,
    "label": [],
    "collaborator": [
      2
    ]
  }
},
{
  "model": "notes.note",
  "pk": 16,
  "fields": {
    "user": 1,
    "title": "going out",
    "content": "family dinner",
    "time_stamp": "2019-11-08T06:05:38.113Z",
    "is_archive": false,
    "is_pin": false,
    "is_trash": false,
    "image": "",
    "reminder": "2019-11-08T06:05:36Z",
    "label": [
      1,
      2
    ],
    "collaborator": [
      2
    ]
  }
},
{
  "model": "notes.note",
  "pk": 17,
  "fields": {
    "user": 1,
    "title": "wedding",
    "content": "friends wedding",
    "time_stamp": "2019-11-08T06:05:58.704Z",
    "is_archive": false,
    "is_pin": false,
    "is_trash": false,
    "image": "",
    "reminder": "2019-11-08T08:05:54Z",
    "label": [
      1
    ],
    "collaborator": [
      2
    ]
  }
},
{
  "model": "notes.note",
  "pk": 18,
  "fields": {
    "user": 2,
    "title": "hello",
    "content": "friends",
    "time_stamp": "2019-11-08T06:59:59.470Z",
    "is_archive": true,
    "is_pin": true,
    "is_trash": false,
    "image": "",
    "reminder": null,
    "label": [],
    "collaborator": []
  }
},
{
  "model": "notes.note",
  "pk": 19,
  "fields": {
    "user": 2,
    "title": "museum",
    "content": "friends",
    "time_stamp": "2019-11-08T07:08:59.409Z",
    "is_archive": true,
    "is_pin": true,
    "is_trash": false,
    "image": "",
    "reminder": null,
    "label": [],
    "collaborator": []
  }
},
{
  "model": "notes.note",
  "pk": 20,
  "fields": {
    "user": 2,
    "title": "museum",
    "content": "friends",
    "time_stamp": "2019-11-08T07:13:44.622Z",
    "is_archive": true,
    "is_pin": true,
    "is_trash": false,
    "image": "",
    "reminder": null,
    "label": [],
    "collaborator": []
  }
},
{
  "model": "notes.note",
  "pk": 30,
  "fields": {
    "user": 1,
    "title": "shoe shopping",
    "content": "with family at 10",
    "time_stamp": "2019-11-08T08:26:39.466Z",
    "is_archive": false,
    "is_pin": true,
    "is_trash": true,
    "image": "",
    "reminder": null,
    "label": [
      1
    ],
    "collaborator": [
      2
    ]
  }
},
{
  "model": "notes.note",
  "pk": 31,
  "fields": {
    "user": 1,
    "title": "string",
    "content": "string",
    "time_stamp": "2019-11-08T11:01:45.962Z",
    "is_archive": true,
    "is_pin": true,
    "is_trash": true,
    "image": "",
    "reminder": "2019-11-08T12:43:26Z",
    "label": [
      1
    ],
    "collaborator": []
  }
},
{
  "model": "notes.note",
  "pk": 32,
  "fields": {
    "user": 2,
    "title": "hiiiiii",
    "content": "byeee eff",
    "time_stamp": "2019-11-09T08:20:31.605Z",
    "is_archive": false,
    "is_pin": false,
    "is_trash": true,
    "image": "",
    "reminder": "2019-11-09T12:58:45Z",
    "label": [
      1
    ],
    "collaborator": [
      2
    ]
  }
},
{
  "model": "notes.note",
  "pk": 33,
  "fields": {
    "user": 2,
    "title": "homecoming",
    "content": "party at 4",
    "time_stamp": "2019-11-11T09:29:19.270Z",
    "is_archive": false,
    "is_pin": false,
    "is_trash": false,
    "image": "",
    "reminder": "2019-11-11T12:20:25Z",
    "label": [
      1
    ],
    "collaborator": []
  }
},
{
  "model": "notes.note",
  "pk": 34,
  "fields": {
    "user": 1,
    "title": "halloween",
    "content": "party at 4",
    "time_stamp": "2019-11-12T05:26:02.664Z",
    "is_archive": false,
    "is_pin": false,
    "is_trash": false,
    "image": "",
    "reminder": "2019-11-15T08:32:32Z",
    "label": [
      1
    ],
    "collaborator": [
      2
    ]
  }
},
{
  "model": "notes.note",
  "pk": 40,
  "fields": {
    "user": 1,
    "title": "hello user",
    "content": "hi",
    "time_stamp": "2019-11-14T11:45:15.503Z",
    "is_archive": true,
    "is_pin": true,
    "is_trash": true,
    "image": "",
    "reminder": null,
    "label": [],
    "collaborator": [
      2
    ]
  }
},
{
  "model": "notes.note",
  "pk": 50,
  "fields": {
    "user": 1,
    "title": "hello user",
    "content": "hi",
    "time_stamp": "2019-11-15T08:21:58.287Z",
    "is_archive": true,
    "is_pin": true,
    "is_trash": true,
    "image": "",
    "reminder": null,
    "label": [],
    "collaborator": [
      2
    ]
  }
},
{
  "model": "notes.emailtemplate",
  "pk": 1,
  "fields": {
    "subject": "hello friend",
    "to_email": "addyp1911@gmail.com",
    "from_email": "singhlila7892gmail.com",
    "plain_text": "important message",
    "is_html": true,
    "is_text": true,
    "template_key": "12"
  }
},
{
  "model": "notes.emailtemplate",
  "pk": 2,
  "fields": {
    "subject": "hello friend",
    "to_email": "addyp1911@gmail.com",
    "from_email": "singhlila7892gmail.com",
    "plain_text": "important message",
    "is_html": true,
    "is_text": true,
    "template_key": "21"
  }
},
{
  "model": "notes.emailtemplate",
  "pk": 3,
  "fields": {
    "subject": "hello friend",
    "to_email": "addyp1911@gmail.com",
    "from_email": "singhlila7892gmail.com",
    "plain_text": "important message",
    "is_html": true,
    "is_text": true,
    "template_key": "23"
  }
},
{
  "model": "notes.emailtemplate",
  "pk": 4,
  "fields": {
    "subject": "hello friend",
    "to_email": "addyp1911@gmail.com",
    "from_email": "singhlila7892gmail.com",
    "plain_text": "important message",
    "is_html": true,
    "is_text": true,
    "template_key": "290"
  }
},
{
  "model": "notes.emailtemplate",
  "pk": 5,
  "fields": {
    "subject": "string",
    "to_email": "addyp1911@gmail.com",
    "from_email": "string",
    "plain_text": "string",
    "is_html": true,
    "is_text": true,
    "template_key": "34"
  }
},
{
  "model": "notes.emailtemplate",
  "pk": 6,
  "fields": {
    "subject": "string",
    "to_email": "addyp1911@gmail.com",
    "from_email": "string",
    "plain_text": "string",
    "is_html": true,
    "is_text": true,
    "template_key": "90"
  }
},
{
  "model": "notes.emailtemplate",
  "pk": 7,
  "fields": {
    "subject": "string",
    "to_email": "addyp1911@gmail.com",
    "from_email": "string",
    "plain_text": "string",
    "is_html": true,
    "is_text": true,
    "template_key": "09"
  }
},
{
  "model": "notes.emailtemplate",
  "pk": 8,
  "fields": {
    "subject": "string",
    "to_email": "addyp1911@gmail.com",
    "from_email": "string",
    "plain_text": "string",
    "is_html": true,
    "is_text": true,
    "template_key": "19"
  }
},
{
  "model": "notes.emailtemplate",
  "pk": 9,
  "fields": {
    "subject": "string",
    "to_email": "addyp1911@gmail.com",
    "from_email": "string",
    "plain_text": "string",
    "is_html": true,
    "is_text": true,
    "template_key": "string"
  }
},
{
  "model": "notes.emailtemplate",
  "pk": 10,
  "fields": {
    "subject": "string",
    "to_email": "addyp1911@gmail.com",
    "from_email": "string",
    "plain_text": "string",
    "is_html": true,
    "is_text": true,
    "template_key": "8989"
  }
},
{
  "model": "notes.emailtemplate",
  "pk": 11,
  "fields": {
    "subject": "string",
    "to_email": "addyp1911@gmail.com",
    "from_email": "string",
    "plain_text": "string",
    "is_html": true,
    "is_text": true,
    "template_key": "89"
  }
},
{
  "model": "notes.emailtemplate",
  "pk": 12,
  "fields": {
    "subject": "important",
    "to_email": "addyp1911@gmail.com",
    "from_email": "xyz@gmail.com",
    "plain_text": "password reset",
    "is_html": true,
    "is_text": true,
    "template_key": "22"
  }
},
{
  "model": "notes.emailtemplate",
  "pk": 13,
  "fields": {
    "subject": "hello user",
    "to_email": "addyp1911@gmail.com",
    "from_email": "singhlila@gmail.com",
    "plain_text": "reset password",
    "is_html": true,
    "is_text": true,
    "template_key": "099"
  }
},
{
  "model": "notes.emailtemplate",
  "pk": 14,
  "fields": {
    "subject": "hello user",
    "to_email": "addyp1911@gmail.com",
    "from_email": "singhlila@gmail.com",
    "plain_text": "reset password",
    "is_html": true,
    "is_text": true,
    "template_key": "899"
  }
},
{
  "model": "notes.emailtemplate",
  "pk": 15,
  "fields": {
    "subject": "hello user",
    "to_email": "addyp1911@gmail.com",
    "from_email": "singhlila@gmail.com",
    "plain_text": "reset password",
    "is_html": true,
    "is_text": true,
    "template_key": "299"
  }
},
{
  "model": "notes.emailtemplate",
  "pk": 16,
  "fields": {
    "subject": "hello user",
    "to_email": "addyp1911@gmail.com",
    "from_email": "singhlila@gmail.com",
    "plain_text": "reset password",
    "is_html": true,
    "is_text": true,
    "template_key": "1299"
  }
},
{
  "model": "notes.emailtemplate",
  "pk": 17,
  "fields": {
    "subject": "hello user",
    "to_email": "addyp1911@gmail.com",
    "from_email": "singhlila@gmail.com",
    "plain_text": "reset password",
    "is_html": true,
    "is_text": true,
    "template_key": "11299"
  }
},
{
  "model": "notes.emailtemplate",
  "pk": 18,
  "fields": {
    "subject": "hello user",
    "to_email": "addyp1911@gmail.com",
    "from_email": "singhlila@gmail.com",
    "plain_text": "reset password",
    "is_html": true,
    "is_text": true,
    "template_key": "1199"
  }
},
{
  "model": "notes.emailtemplate",
  "pk": 19,
  "fields": {
    "subject": "hello user",
    "to_email": "addyp1911@gmail.com",
    "from_email": "singhlila@gmail.com",
    "plain_text": "reset password",
    "is_html": true,
    "is_text": true,
    "template_key": "119"
  }
},
{
  "model": "notes.emailtemplate",
  "pk": 20,
  "fields": {
    "subject": "hello user",
    "to_email": "addyp1911@gmail.com",
    "from_email": "singhlila@gmail.com",
    "plain_text": "reset password",
    "is_html": true,
    "is_text": true,
    "template_key": "109"
  }
},
{
  "model": "notes.emailtemplate",
  "pk": 21,
  "fields": {
    "subject": "hello user",
    "to_email": "addyp1911@gmail.com",
    "from_email": "singhlila@gmail.com",
    "plain_text": "reset password",
    "is_html": true,
    "is_text": true,
    "template_key": "1999"
  }
},
{
  "model": "notes.emailtemplate",
  "pk": 22,
  "fields": {
    "subject": "hello user",
    "to_email": "addyp1911@gmail.com",
    "from_email": "singhlila@gmail.com",
    "plain_text": "reset password",
    "is_html": true,
    "is_text": true,
    "template_key": "799"
  }
},
{
  "model": "notes.emailtemplate",
  "pk": 23,
  "fields": {
    "subject": "hello user",
    "to_email": "addyp1911@gmail.com",
    "from_email": "singhlila@gmail.com",
    "plain_text": "reset password",
    "is_html": true,
    "is_text": true,
    "template_key": "090"
  }
},
{
  "model": "notes.emailtemplate",
  "pk": 24,
  "fields": {
    "subject": "hello user",
    "to_email": "addyp1911@gmail.com",
    "from_email": "singhlila@gmail.com",
    "plain_text": "reset password",
    "is_html": true,
    "is_text": true,
    "template_key": "09yu789"
  }
},
{
  "model": "notes.emailtemplate",
  "pk": 25,
  "fields": {
    "subject": "hello user",
    "to_email": "addyp1911@gmail.com",
    "from_email": "singhlila@gmail.com",
    "plain_text": "reset password",
    "is_html": true,
    "is_text": true,
    "template_key": "0907"
  }
},
{
  "model": "notes.emailtemplate",
  "pk": 26,
  "fields": {
    "subject": "hello user",
    "to_email": "addyp1911@gmail.com",
    "from_email": "singhlila@gmail.com",
    "plain_text": "reset password",
    "is_html": true,
    "is_text": true,
    "template_key": "0997"
  }
},
{
  "model": "notes.emailtemplate",
  "pk": 27,
  "fields": {
    "subject": "hello user",
    "to_email": "addyp1911@gmail.com",
    "from_email": "singhlila@gmail.com",
    "plain_text": "reset password",
    "is_html": true,
    "is_text": true,
    "template_key": "0"
  }
},
{
  "model": "notes.emailtemplate",
  "pk": 28,
  "fields": {
    "subject": "hello user",
    "to_email": "addyp1911@gmail.com",
    "from_email": "singhlila@gmail.com",
    "plain_text": "reset password",
    "is_html": true,
    "is_text": true,
    "template_key": "789"
  }
},
{
  "model": "notes.emailtemplate",
  "pk": 29,
  "fields": {
    "subject": "hello user",
    "to_email": "addyp1911@gmail.com",
    "from_email": "singhlila@gmail.com",
    "plain_text": "reset password",
    "is_html": true,
    "is_text": true,
    "template_key": "00"
  }
},
{
  "model": "notes.emailtemplate",
  "pk": 30,
  "fields": {
    "subject": "hello user",
    "to_email": "addyp1911@gmail.com",
    "from_email": "singhlila@gmail.com",
    "plain_text": "reset password",
    "is_html": true,
    "is_text": true,
    "template_key": "97"
  }
},
{
  "model": "notes.emailtemplate",
  "pk": 31,
  "fields": {
    "subject": "hello user",
    "to_email": "addyp1911@gmail.com",
    "from_email": "singhlila@gmail.com",
    "plain_text": "reset password",
    "is_html": true,
    "is_text": true,
    "template_key": "898"
  }
},
{
  "model": "notes.emailtemplate",
  "pk": 32,
  "fields": {
    "subject": "hello user",
    "to_email": "addyp1911@gmail.com",
    "from_email": "singhlila@gmail.com",
    "plain_text": "reset password",
    "is_html": true,
    "is_text": true,
    "template_key": "8648"
  }
},
{
  "model": "notes.emailtemplate",
  "pk": 33,
  "fields": {
    "subject": "hello user",
    "to_email": "addyp1911@gmail.com",
    "from_email": "singhlila@gmail.com",
    "plain_text": "reset password",
    "is_html": true,
    "is_text": true,
    "template_key": "89800"
  }
},
{
  "model": "notes.emailtemplate",
  "pk": 34,
  "fields": {
    "subject": "hello user",
    "to_email": "addyp1911@gmail.com",
    "from_email": "singhlila@gmail.com",
    "plain_text": "reset password",
    "is_html": true,
    "is_text": true,
    "template_key": "8987"
  }
},
{
  "model": "notes.emailtemplate",
  "pk": 41,
  "fields": {
    "subject": "Please note user",
    "to_email": "addyp1911@gmail.com",
    "from_email": "lilysingh789@gmail.com",
    "plain_text": "reset password user",
    "is_html": true,
    "is_text": true,
    "template_key": "671"
  }
},
{
  "model": "notes.emailtemplate",
  "pk": 42,
  "fields": {
    "subject": "Please note user",
    "to_email": "addyp1911@gmail.com",
    "from_email": "lilysingh789@gmail.com",
    "plain_text": "reset password user",
    "is_html": true,
    "is_text": true,
    "template_key": "670"
  }
},
{
  "model": "admin.logentry",
  "pk": 1,
  "fields": {
    "action_time": "2019-11-08T06:03:20.173Z",
    "user": 1,
    "content_type": 14,
    "object_id": "10",
    "object_repr": "market",
    "action_flag": 3,
    "change_message": ""
  }
},
{
  "model": "admin.logentry",
  "pk": 2,
  "fields": {
    "action_time": "2019-11-08T06:03:20.175Z",
    "user": 1,
    "content_type": 14,
    "object_id": "9",
    "object_repr": "market",
    "action_flag": 3,
    "change_message": ""
  }
},
{
  "model": "admin.logentry",
  "pk": 3,
  "fields": {
    "action_time": "2019-11-08T06:03:20.179Z",
    "user": 1,
    "content_type": 14,
    "object_id": "8",
    "object_repr": "market",
    "action_flag": 3,
    "change_message": ""
  }
},
{
  "model": "admin.logentry",
  "pk": 4,
  "fields": {
    "action_time": "2019-11-08T06:03:20.182Z",
    "user": 1,
    "content_type": 14,
    "object_id": "7",
    "object_repr": "market",
    "action_flag": 3,
    "change_message": ""
  }
},
{
  "model": "admin.logentry",
  "pk": 5,
  "fields": {
    "action_time": "2019-11-08T06:03:20.183Z",
    "user": 1,
    "content_type": 14,
    "object_id": "6",
    "object_repr": "market",
    "action_flag": 3,
    "change_message": ""
  }
},
{
  "model": "admin.logentry",
  "pk": 6,
  "fields": {
    "action_time": "2019-11-08T06:03:20.185Z",
    "user": 1,
    "content_type": 14,
    "object_id": "5",
    "object_repr": "market",
    "action_flag": 3,
    "change_message": ""
  }
},
{
  "model": "admin.logentry",
  "pk": 7,
  "fields": {
    "action_time": "2019-11-08T06:03:20.186Z",
    "user": 1,
    "content_type": 14,
    "object_id": "4",
    "object_repr": "market",
    "action_flag": 3,
    "change_message": ""
  }
},
{
  "model": "admin.logentry",
  "pk": 8,
  "fields": {
    "action_time": "2019-11-08T06:03:20.187Z",
    "user": 1,
    "content_type": 14,
    "object_id": "3",
    "object_repr": "market",
    "action_flag": 3,
    "change_message": ""
  }
},
{
  "model": "admin.logentry",
  "pk": 9,
  "fields": {
    "action_time": "2019-11-08T06:03:20.189Z",
    "user": 1,
    "content_type": 14,
    "object_id": "2",
    "object_repr": "market",
    "action_flag": 3,
    "change_message": ""
  }
},
{
  "model": "admin.logentry",
  "pk": 10,
  "fields": {
    "action_time": "2019-11-08T06:03:20.191Z",
    "user": 1,
    "content_type": 14,
    "object_id": "1",
    "object_repr": "market",
    "action_flag": 3,
    "change_message": ""
  }
},
{
  "model": "admin.logentry",
  "pk": 11,
  "fields": {
    "action_time": "2019-11-08T06:05:38.129Z",
    "user": 1,
    "content_type": 14,
    "object_id": "16",
    "object_repr": "going out",
    "action_flag": 1,
    "change_message": "[{\"added\": {}}]"
  }
},
{
  "model": "admin.logentry",
  "pk": 12,
  "fields": {
    "action_time": "2019-11-08T06:05:58.724Z",
    "user": 1,
    "content_type": 14,
    "object_id": "17",
    "object_repr": "wedding",
    "action_flag": 1,
    "change_message": "[{\"added\": {}}]"
  }
},
{
  "model": "admin.logentry",
  "pk": 13,
  "fields": {
    "action_time": "2019-11-08T08:29:01.844Z",
    "user": 1,
    "content_type": 14,
    "object_id": "29",
    "object_repr": "shoe shopping",
    "action_flag": 3,
    "change_message": ""
  }
},
{
  "model": "admin.logentry",
  "pk": 14,
  "fields": {
    "action_time": "2019-11-08T08:29:01.849Z",
    "user": 1,
    "content_type": 14,
    "object_id": "28",
    "object_repr": "shoe shopping",
    "action_flag": 3,
    "change_message": ""
  }
},
{
  "model": "admin.logentry",
  "pk": 15,
  "fields": {
    "action_time": "2019-11-08T08:29:01.854Z",
    "user": 1,
    "content_type": 14,
    "object_id": "27",
    "object_repr": "buying a pet",
    "action_flag": 3,
    "change_message": ""
  }
},
{
  "model": "admin.logentry",
  "pk": 16,
  "fields": {
    "action_time": "2019-11-08T08:29:01.856Z",
    "user": 1,
    "content_type": 14,
    "object_id": "25",
    "object_repr": "bye",
    "action_flag": 3,
    "change_message": ""
  }
},
{
  "model": "admin.logentry",
  "pk": 17,
  "fields": {
    "action_time": "2019-11-08T08:29:01.859Z",
    "user": 1,
    "content_type": 14,
    "object_id": "24",
    "object_repr": "bye",
    "action_flag": 3,
    "change_message": ""
  }
},
{
  "model": "admin.logentry",
  "pk": 18,
  "fields": {
    "action_time": "2019-11-08T08:29:01.862Z",
    "user": 1,
    "content_type": 14,
    "object_id": "23",
    "object_repr": "bye",
    "action_flag": 3,
    "change_message": ""
  }
},
{
  "model": "admin.logentry",
  "pk": 19,
  "fields": {
    "action_time": "2019-11-08T11:43:30.308Z",
    "user": 1,
    "content_type": 14,
    "object_id": "31",
    "object_repr": "string",
    "action_flag": 2,
    "change_message": "[{\"changed\": {\"fields\": [\"reminder\"]}}]"
  }
},
{
  "model": "admin.logentry",
  "pk": 20,
  "fields": {
    "action_time": "2019-11-09T12:52:53.324Z",
    "user": 2,
    "content_type": 14,
    "object_id": "32",
    "object_repr": "hiiiiii",
    "action_flag": 2,
    "change_message": "[{\"changed\": {\"fields\": [\"reminder\"]}}]"
  }
},
{
  "model": "admin.logentry",
  "pk": 21,
  "fields": {
    "action_time": "2019-11-11T09:08:09.836Z",
    "user": 2,
    "content_type": 14,
    "object_id": "26",
    "object_repr": "buying a pet",
    "action_flag": 2,
    "change_message": "[{\"changed\": {\"fields\": [\"user\", \"is_archive\", \"is_pin\", \"is_trash\"]}}]"
  }
},
{
  "model": "admin.logentry",
  "pk": 22,
  "fields": {
    "action_time": "2019-11-11T09:08:22.358Z",
    "user": 2,
    "content_type": 14,
    "object_id": "32",
    "object_repr": "hiiiiii",
    "action_flag": 2,
    "change_message": "[{\"changed\": {\"fields\": [\"user\", \"is_archive\", \"is_pin\"]}}]"
  }
},
{
  "model": "admin.logentry",
  "pk": 23,
  "fields": {
    "action_time": "2019-11-11T09:29:19.282Z",
    "user": 2,
    "content_type": 14,
    "object_id": "33",
    "object_repr": "homecoming",
    "action_flag": 1,
    "change_message": "[{\"added\": {}}]"
  }
},
{
  "model": "admin.logentry",
  "pk": 24,
  "fields": {
    "action_time": "2019-11-11T09:52:31.454Z",
    "user": 2,
    "content_type": 14,
    "object_id": "26",
    "object_repr": "buying a pet",
    "action_flag": 3,
    "change_message": ""
  }
},
{
  "model": "admin.logentry",
  "pk": 25,
  "fields": {
    "action_time": "2019-11-11T12:20:27.154Z",
    "user": 2,
    "content_type": 14,
    "object_id": "33",
    "object_repr": "homecoming",
    "action_flag": 2,
    "change_message": "[{\"changed\": {\"fields\": [\"is_trash\", \"reminder\"]}}]"
  }
},
{
  "model": "admin.logentry",
  "pk": 26,
  "fields": {
    "action_time": "2019-11-12T05:26:02.675Z",
    "user": 1,
    "content_type": 14,
    "object_id": "34",
    "object_repr": "halloween",
    "action_flag": 1,
    "change_message": "[{\"added\": {}}]"
  }
},
{
  "model": "admin.logentry",
  "pk": 27,
  "fields": {
    "action_time": "2019-11-12T05:30:43.391Z",
    "user": 1,
    "content_type": 14,
    "object_id": "34",
    "object_repr": "halloween",
    "action_flag": 2,
    "change_message": "[{\"changed\": {\"fields\": [\"reminder\"]}}]"
  }
},
{
  "model": "admin.logentry",
  "pk": 28,
  "fields": {
    "action_time": "2019-11-12T05:44:29.272Z",
    "user": 1,
    "content_type": 14,
    "object_id": "34",
    "object_repr": "halloween",
    "action_flag": 2,
    "change_message": "[{\"changed\": {\"fields\": [\"reminder\"]}}]"
  }
},
{
  "model": "admin.logentry",
  "pk": 29,
  "fields": {
    "action_time": "2019-11-12T05:59:07.633Z",
    "user": 1,
    "content_type": 14,
    "object_id": "34",
    "object_repr": "halloween",
    "action_flag": 2,
    "change_message": "[{\"changed\": {\"fields\": [\"reminder\"]}}]"
  }
},
{
  "model": "admin.logentry",
  "pk": 30,
  "fields": {
    "action_time": "2019-11-12T06:29:07.403Z",
    "user": 1,
    "content_type": 14,
    "object_id": "34",
    "object_repr": "halloween",
    "action_flag": 2,
    "change_message": "[{\"changed\": {\"fields\": [\"reminder\"]}}]"
  }
},
{
  "model": "admin.logentry",
  "pk": 31,
  "fields": {
    "action_time": "2019-11-12T06:36:50.247Z",
    "user": 1,
    "content_type": 14,
    "object_id": "34",
    "object_repr": "halloween",
    "action_flag": 2,
    "change_message": "[{\"changed\": {\"fields\": [\"reminder\"]}}]"
  }
},
{
  "model": "admin.logentry",
  "pk": 32,
  "fields": {
    "action_time": "2019-11-12T06:40:26.094Z",
    "user": 1,
    "content_type": 14,
    "object_id": "34",
    "object_repr": "halloween",
    "action_flag": 2,
    "change_message": "[{\"changed\": {\"fields\": [\"reminder\"]}}]"
  }
},
{
  "model": "admin.logentry",
  "pk": 33,
  "fields": {
    "action_time": "2019-11-14T04:32:46.364Z",
    "user": 1,
    "content_type": 13,
    "object_id": "4",
    "object_repr": "delayed",
    "action_flag": 1,
    "change_message": "[{\"added\": {}}]"
  }
},
{
  "model": "admin.logentry",
  "pk": 34,
  "fields": {
    "action_time": "2019-11-14T04:41:12.953Z",
    "user": 1,
    "content_type": 14,
    "object_id": "34",
    "object_repr": "halloween",
    "action_flag": 2,
    "change_message": "[{\"changed\": {\"fields\": [\"reminder\"]}}]"
  }
},
{
  "model": "admin.logentry",
  "pk": 35,
  "fields": {
    "action_time": "2019-11-14T04:50:59.449Z",
    "user": 1,
    "content_type": 14,
    "object_id": "34",
    "object_repr": "halloween",
    "action_flag": 2,
    "change_message": "[{\"changed\": {\"fields\": [\"reminder\"]}}]"
  }
},
{
  "model": "admin.logentry",
  "pk": 36,
  "fields": {
    "action_time": "2019-11-14T05:00:05.140Z",
    "user": 1,
    "content_type": 14,
    "object_id": "34",
    "object_repr": "halloween",
    "action_flag": 2,
    "change_message": "[{\"changed\": {\"fields\": [\"reminder\"]}}]"
  }
},
{
  "model": "admin.logentry",
  "pk": 37,
  "fields": {
    "action_time": "2019-11-14T05:35:46.731Z",
    "user": 1,
    "content_type": 14,
    "object_id": "34",
    "object_repr": "halloween",
    "action_flag": 2,
    "change_message": "[{\"changed\": {\"fields\": [\"reminder\"]}}]"
  }
},
{
  "model": "admin.logentry",
  "pk": 38,
  "fields": {
    "action_time": "2019-11-14T05:41:50.017Z",
    "user": 1,
    "content_type": 14,
    "object_id": "34",
    "object_repr": "halloween",
    "action_flag": 2,
    "change_message": "[{\"changed\": {\"fields\": [\"reminder\"]}}]"
  }
},
{
  "model": "admin.logentry",
  "pk": 39,
  "fields": {
    "action_time": "2019-11-14T05:56:27.147Z",
    "user": 1,
    "content_type": 14,
    "object_id": "34",
    "object_repr": "halloween",
    "action_flag": 2,
    "change_message": "[{\"changed\": {\"fields\": [\"reminder\"]}}]"
  }
},
{
  "model": "admin.logentry",
  "pk": 40,
  "fields": {
    "action_time": "2019-11-14T06:00:25.107Z",
    "user": 1,
    "content_type": 14,
    "object_id": "34",
    "object_repr": "halloween",
    "action_flag": 2,
    "change_message": "[{\"changed\": {\"fields\": [\"reminder\"]}}]"
  }
},
{
  "model": "admin.logentry",
  "pk": 41,
  "fields": {
    "action_time": "2019-11-14T06:02:50.569Z",
    "user": 1,
    "content_type": 14,
    "object_id": "34",
    "object_repr": "halloween",
    "action_flag": 2,
    "change_message": "[{\"changed\": {\"fields\": [\"reminder\"]}}]"
  }
},
{
  "model": "admin.logentry",
  "pk": 42,
  "fields": {
    "action_time": "2019-11-14T06:11:46.738Z",
    "user": 1,
    "content_type": 14,
    "object_id": "34",
    "object_repr": "halloween",
    "action_flag": 2,
    "change_message": "[{\"changed\": {\"fields\": [\"reminder\"]}}]"
  }
},
{
  "model": "admin.logentry",
  "pk": 43,
  "fields": {
    "action_time": "2019-11-14T06:13:00.665Z",
    "user": 1,
    "content_type": 14,
    "object_id": "34",
    "object_repr": "halloween",
    "action_flag": 2,
    "change_message": "[{\"changed\": {\"fields\": [\"reminder\"]}}]"
  }
},
{
  "model": "admin.logentry",
  "pk": 44,
  "fields": {
    "action_time": "2019-11-14T06:29:10.447Z",
    "user": 1,
    "content_type": 14,
    "object_id": "34",
    "object_repr": "halloween",
    "action_flag": 2,
    "change_message": "[{\"changed\": {\"fields\": [\"reminder\"]}}]"
  }
},
{
  "model": "admin.logentry",
  "pk": 45,
  "fields": {
    "action_time": "2019-11-14T06:30:56.971Z",
    "user": 1,
    "content_type": 14,
    "object_id": "34",
    "object_repr": "halloween",
    "action_flag": 2,
    "change_message": "[{\"changed\": {\"fields\": [\"reminder\"]}}]"
  }
},
{
  "model": "admin.logentry",
  "pk": 46,
  "fields": {
    "action_time": "2019-11-14T06:33:02.663Z",
    "user": 1,
    "content_type": 14,
    "object_id": "34",
    "object_repr": "halloween",
    "action_flag": 2,
    "change_message": "[{\"changed\": {\"fields\": [\"reminder\"]}}]"
  }
},
{
  "model": "admin.logentry",
  "pk": 47,
  "fields": {
    "action_time": "2019-11-14T06:52:28.864Z",
    "user": 1,
    "content_type": 14,
    "object_id": "34",
    "object_repr": "halloween",
    "action_flag": 2,
    "change_message": "[{\"changed\": {\"fields\": [\"reminder\"]}}]"
  }
},
{
  "model": "admin.logentry",
  "pk": 48,
  "fields": {
    "action_time": "2019-11-14T06:55:07.219Z",
    "user": 1,
    "content_type": 14,
    "object_id": "34",
    "object_repr": "halloween",
    "action_flag": 2,
    "change_message": "[{\"changed\": {\"fields\": [\"reminder\"]}}]"
  }
},
{
  "model": "admin.logentry",
  "pk": 49,
  "fields": {
    "action_time": "2019-11-14T06:57:41.851Z",
    "user": 1,
    "content_type": 14,
    "object_id": "34",
    "object_repr": "halloween",
    "action_flag": 2,
    "change_message": "[{\"changed\": {\"fields\": [\"reminder\"]}}]"
  }
},
{
  "model": "admin.logentry",
  "pk": 50,
  "fields": {
    "action_time": "2019-11-14T06:59:12.181Z",
    "user": 1,
    "content_type": 14,
    "object_id": "34",
    "object_repr": "halloween",
    "action_flag": 2,
    "change_message": "[{\"changed\": {\"fields\": [\"reminder\"]}}]"
  }
},
{
  "model": "admin.logentry",
  "pk": 51,
  "fields": {
    "action_time": "2019-11-14T07:03:52.817Z",
    "user": 1,
    "content_type": 14,
    "object_id": "34",
    "object_repr": "halloween",
    "action_flag": 2,
    "change_message": "[{\"changed\": {\"fields\": [\"reminder\"]}}]"
  }
},
{
  "model": "admin.logentry",
  "pk": 52,
  "fields": {
    "action_time": "2019-11-14T07:09:24.352Z",
    "user": 1,
    "content_type": 14,
    "object_id": "34",
    "object_repr": "halloween",
    "action_flag": 2,
    "change_message": "[{\"changed\": {\"fields\": [\"reminder\"]}}]"
  }
},
{
  "model": "admin.logentry",
  "pk": 53,
  "fields": {
    "action_time": "2019-11-14T07:19:05.642Z",
    "user": 1,
    "content_type": 14,
    "object_id": "34",
    "object_repr": "halloween",
    "action_flag": 2,
    "change_message": "[{\"changed\": {\"fields\": [\"reminder\"]}}]"
  }
},
{
  "model": "admin.logentry",
  "pk": 54,
  "fields": {
    "action_time": "2019-11-14T08:43:25.286Z",
    "user": 1,
    "content_type": 14,
    "object_id": "34",
    "object_repr": "halloween",
    "action_flag": 2,
    "change_message": "[{\"changed\": {\"fields\": [\"reminder\"]}}]"
  }
},
{
  "model": "admin.logentry",
  "pk": 55,
  "fields": {
    "action_time": "2019-11-14T09:34:40.996Z",
    "user": 1,
    "content_type": 14,
    "object_id": "34",
    "object_repr": "halloween",
    "action_flag": 2,
    "change_message": "[{\"changed\": {\"fields\": [\"reminder\"]}}]"
  }
},
{
  "model": "admin.logentry",
  "pk": 56,
  "fields": {
    "action_time": "2019-11-14T09:36:59.732Z",
    "user": 1,
    "content_type": 14,
    "object_id": "34",
    "object_repr": "halloween",
    "action_flag": 2,
    "change_message": "[{\"changed\": {\"fields\": [\"reminder\"]}}]"
  }
},
{
  "model": "admin.logentry",
  "pk": 57,
  "fields": {
    "action_time": "2019-11-14T09:41:21.426Z",
    "user": 1,
    "content_type": 14,
    "object_id": "34",
    "object_repr": "halloween",
    "action_flag": 2,
    "change_message": "[{\"changed\": {\"fields\": [\"reminder\"]}}]"
  }
},
{
  "model": "admin.logentry",
  "pk": 58,
  "fields": {
    "action_time": "2019-11-14T09:46:33.298Z",
    "user": 1,
    "content_type": 14,
    "object_id": "34",
    "object_repr": "halloween",
    "action_flag": 2,
    "change_message": "[{\"changed\": {\"fields\": [\"reminder\"]}}]"
  }
},
{
  "model": "admin.logentry",
  "pk": 59,
  "fields": {
    "action_time": "2019-11-14T09:49:54.125Z",
    "user": 1,
    "content_type": 14,
    "object_id": "34",
    "object_repr": "halloween",
    "action_flag": 2,
    "change_message": "[{\"changed\": {\"fields\": [\"reminder\"]}}]"
  }
},
{
  "model": "admin.logentry",
  "pk": 60,
  "fields": {
    "action_time": "2019-11-14T09:49:54.224Z",
    "user": 1,
    "content_type": 14,
    "object_id": "34",
    "object_repr": "halloween",
    "action_flag": 2,
    "change_message": "[]"
  }
},
{
  "model": "admin.logentry",
  "pk": 61,
  "fields": {
    "action_time": "2019-11-14T09:52:54.315Z",
    "user": 1,
    "content_type": 14,
    "object_id": "34",
    "object_repr": "halloween",
    "action_flag": 2,
    "change_message": "[{\"changed\": {\"fields\": [\"reminder\"]}}]"
  }
},
{
  "model": "admin.logentry",
  "pk": 62,
  "fields": {
    "action_time": "2019-11-14T09:55:36.442Z",
    "user": 1,
    "content_type": 14,
    "object_id": "34",
    "object_repr": "halloween",
    "action_flag": 2,
    "change_message": "[{\"changed\": {\"fields\": [\"reminder\"]}}]"
  }
},
{
  "model": "admin.logentry",
  "pk": 63,
  "fields": {
    "action_time": "2019-11-14T10:18:20.908Z",
    "user": 1,
    "content_type": 14,
    "object_id": "34",
    "object_repr": "halloween",
    "action_flag": 2,
    "change_message": "[{\"changed\": {\"fields\": [\"reminder\"]}}]"
  }
},
{
  "model": "admin.logentry",
  "pk": 64,
  "fields": {
    "action_time": "2019-11-14T10:22:16.506Z",
    "user": 1,
    "content_type": 14,
    "object_id": "34",
    "object_repr": "halloween",
    "action_flag": 2,
    "change_message": "[{\"changed\": {\"fields\": [\"reminder\"]}}]"
  }
},
{
  "model": "admin.logentry",
  "pk": 65,
  "fields": {
    "action_time": "2019-11-14T10:51:05.435Z",
    "user": 1,
    "content_type": 7,
    "object_id": "1",
    "object_repr": "http://127.0.0.1:8000",
    "action_flag": 2,
    "change_message": "[{\"changed\": {\"fields\": [\"domain\", \"name\"]}}]"
  }
},
{
  "model": "admin.logentry",
  "pk": 66,
  "fields": {
    "action_time": "2019-11-14T10:51:13.294Z",
    "user": 1,
    "content_type": 7,
    "object_id": "2",
    "object_repr": "https://127.0.0.1:8000",
    "action_flag": 1,
    "change_message": "[{\"added\": {}}]"
  }
},
{
  "model": "admin.logentry",
  "pk": 67,
  "fields": {
    "action_time": "2019-11-14T11:49:48.411Z",
    "user": 1,
    "content_type": 14,
    "object_id": "41",
    "object_repr": "hello user",
    "action_flag": 3,
    "change_message": ""
  }
},
{
  "model": "admin.logentry",
  "pk": 68,
  "fields": {
    "action_time": "2019-11-15T08:19:28.216Z",
    "user": 1,
    "content_type": 14,
    "object_id": "49",
    "object_repr": "xyz",
    "action_flag": 3,
    "change_message": ""
  }
},
{
  "model": "admin.logentry",
  "pk": 69,
  "fields": {
    "action_time": "2019-11-15T08:19:28.220Z",
    "user": 1,
    "content_type": 14,
    "object_id": "48",
    "object_repr": "hello user",
    "action_flag": 3,
    "change_message": ""
  }
},
{
  "model": "admin.logentry",
  "pk": 70,
  "fields": {
    "action_time": "2019-11-15T08:19:28.229Z",
    "user": 1,
    "content_type": 14,
    "object_id": "47",
    "object_repr": "xyz",
    "action_flag": 3,
    "change_message": ""
  }
},
{
  "model": "admin.logentry",
  "pk": 71,
  "fields": {
    "action_time": "2019-11-15T08:19:28.237Z",
    "user": 1,
    "content_type": 14,
    "object_id": "46",
    "object_repr": "hello user",
    "action_flag": 3,
    "change_message": ""
  }
},
{
  "model": "admin.logentry",
  "pk": 72,
  "fields": {
    "action_time": "2019-11-15T08:19:28.247Z",
    "user": 1,
    "content_type": 14,
    "object_id": "45",
    "object_repr": "xyz",
    "action_flag": 3,
    "change_message": ""
  }
},
{
  "model": "admin.logentry",
  "pk": 73,
  "fields": {
    "action_time": "2019-11-15T08:19:28.251Z",
    "user": 1,
    "content_type": 14,
    "object_id": "44",
    "object_repr": "hello user",
    "action_flag": 3,
    "change_message": ""
  }
},
{
  "model": "admin.logentry",
  "pk": 74,
  "fields": {
    "action_time": "2019-11-15T08:19:28.281Z",
    "user": 1,
    "content_type": 14,
    "object_id": "43",
    "object_repr": "xyz",
    "action_flag": 3,
    "change_message": ""
  }
},
{
  "model": "admin.logentry",
  "pk": 75,
  "fields": {
    "action_time": "2019-11-15T08:19:44.920Z",
    "user": 1,
    "content_type": 14,
    "object_id": "42",
    "object_repr": "hello user",
    "action_flag": 3,
    "change_message": ""
  }
},
{
  "model": "admin.logentry",
  "pk": 76,
  "fields": {
    "action_time": "2019-11-15T08:19:44.937Z",
    "user": 1,
    "content_type": 14,
    "object_id": "22",
    "object_repr": "bye",
    "action_flag": 3,
    "change_message": ""
  }
},
{
  "model": "admin.logentry",
  "pk": 77,
  "fields": {
    "action_time": "2019-11-15T08:19:44.947Z",
    "user": 1,
    "content_type": 14,
    "object_id": "21",
    "object_repr": "bye",
    "action_flag": 3,
    "change_message": ""
  }
},
{
  "model": "admin.logentry",
  "pk": 78,
  "fields": {
    "action_time": "2019-11-15T08:20:10.115Z",
    "user": 1,
    "content_type": 13,
    "object_id": "7",
    "object_repr": "byenow",
    "action_flag": 3,
    "change_message": ""
  }
},
{
  "model": "admin.logentry",
  "pk": 79,
  "fields": {
    "action_time": "2019-11-15T08:20:10.128Z",
    "user": 1,
    "content_type": 13,
    "object_id": "6",
    "object_repr": "bye",
    "action_flag": 3,
    "change_message": ""
  }
},
{
  "model": "admin.logentry",
  "pk": 80,
  "fields": {
    "action_time": "2019-11-15T08:20:10.133Z",
    "user": 1,
    "content_type": 13,
    "object_id": "5",
    "object_repr": "imppp",
    "action_flag": 3,
    "change_message": ""
  }
},
{
  "model": "admin.logentry",
  "pk": 81,
  "fields": {
    "action_time": "2019-11-15T08:31:41.859Z",
    "user": 1,
    "content_type": 14,
    "object_id": "34",
    "object_repr": "halloween",
    "action_flag": 2,
    "change_message": "[{\"changed\": {\"fields\": [\"reminder\"]}}]"
  }
},
{
  "model": "admin.logentry",
  "pk": 82,
  "fields": {
    "action_time": "2019-11-15T11:36:32.148Z",
    "user": 2,
    "content_type": 12,
    "object_id": "40",
    "object_repr": "<671> Please note user",
    "action_flag": 3,
    "change_message": ""
  }
},
{
  "model": "admin.logentry",
  "pk": 83,
  "fields": {
    "action_time": "2019-11-15T11:36:32.159Z",
    "user": 2,
    "content_type": 12,
    "object_id": "39",
    "object_repr": "<678> Please note user",
    "action_flag": 3,
    "change_message": ""
  }
},
{
  "model": "admin.logentry",
  "pk": 84,
  "fields": {
    "action_time": "2019-11-15T11:36:32.163Z",
    "user": 2,
    "content_type": 12,
    "object_id": "38",
    "object_repr": "<50385> hello user",
    "action_flag": 3,
    "change_message": ""
  }
},
{
  "model": "admin.logentry",
  "pk": 85,
  "fields": {
    "action_time": "2019-11-15T11:36:32.167Z",
    "user": 2,
    "content_type": 12,
    "object_id": "37",
    "object_repr": "<57385> hello user",
    "action_flag": 3,
    "change_message": ""
  }
},
{
  "model": "admin.logentry",
  "pk": 86,
  "fields": {
    "action_time": "2019-11-15T11:36:32.173Z",
    "user": 2,
    "content_type": 12,
    "object_id": "36",
    "object_repr": "<4783> ffswfswg",
    "action_flag": 3,
    "change_message": ""
  }
},
{
  "model": "admin.logentry",
  "pk": 87,
  "fields": {
    "action_time": "2019-11-15T11:36:32.183Z",
    "user": 2,
    "content_type": 12,
    "object_id": "35",
    "object_repr": "<3489> dqadxq",
    "action_flag": 3,
    "change_message": ""
  }
}
]
